{
    "phonebook": {
        "0": {
            "lastname": "Иванов",
            "firsname": "Иван",
            "patronymic": "Иванович",
            "phonenumber": "+79709063780"
        },
        "1": {
            "lastname": "Петров",
            "firsname": "Семен",
            "patronymic": "Семенович",
            "phonenumber": "+79890939839"
        },
        "2": {
            "lastname": "Сидоров",
            "firsname": "Александр",
            "patronymic": "Егорович",
            "phonenumber": "+79326703095"
        },
        "3": {
            "lastname": "Чингачкук",
            "firsname": "Арон",
            "patronymic": "Моисеевич",
            "phonenumber": "+79782050123"
        },
        "4": {
            "lastname": "Михайлов",
            "firsname": "Стас",
            "patronymic": "Чеевич",
            "phonenumber": "+79653827202"
        },
        "5": {
            "lastname": "Макарова",
            "firsname": "Мария",
            "patronymic": "Владиславовна",
            "phonenumber": "+79408688415"
        },
        "6": {
            "lastname": "Баранова",
            "firsname": "Варвара",
            "patronymic": "Данииловна",
            "phonenumber": "+79451748822"
        },
        "7": {
            "lastname": "Зайцев",
            "firsname": "Игнат",
            "patronymic": "Андреевич",
            "phonenumber": "+79604874849"
        },
        "8": {
            "lastname": "Потапова",
            "firsname": "Дарья",
            "patronymic": "Александровна",
            "phonenumber": "+79962782745"
        },
        "9": {
            "lastname": "Степанова",
            "firsname": "Стефания",
            "patronymic": "Васильевна",
            "phonenumber": "+79399764294"
        },
        "10": {
            "lastname": "Яковлева",
            "firsname": "Милана",
            "patronymic": "Алексеевна",
            "phonenumber": "+79858574432"
        },
        "11": {
            "lastname": "Родин",
            "firsname": "Даниил",
            "patronymic": "Романович",
            "phonenumber": "+79914642876"
        },
        "12": {
            "lastname": "Пономарев",
            "firsname": "Роман",
            "patronymic": "Алексеевич",
            "phonenumber": "+79732916529"
        },
        "13": {
            "lastname": "Алексеева",
            "firsname": "Милана",
            "patronymic": "Лукинична",
            "phonenumber": "+79981648589"
        },
        "14": {
            "lastname": "Миронова",
            "firsname": "Анна",
            "patronymic": "Богдановна",
            "phonenumber": "+79318703528"
        },
        "15": {
            "lastname": "Иванов",
            "firsname": "Мирон",
            "patronymic": "Иванович",
            "phonenumber": "+79300865713"
        },
        "16": {
            "lastname": "Титов",
            "firsname": "Андрей",
            "patronymic": "Максимович",
            "phonenumber": "+79160894916"
        },
        "17": {
            "lastname": "Дубова",
            "firsname": "Анна",
            "patronymic": "Максимовна",
            "phonenumber": "+79341737934"
        },
        "18": {
            "lastname": "Блинова",
            "firsname": "Ксения",
            "patronymic": "Владимировна",
            "phonenumber": "+79333673202"
        },
        "19": {
            "lastname": "Козлов",
            "firsname": "Илья",
            "patronymic": "Тимофеевич",
            "phonenumber": "+79902811980"
        },
        "20": {
            "lastname": "Моисеева",
            "firsname": "София",
            "patronymic": "Фёдоровна",
            "phonenumber": "+79911423095"
        },
        "21": {
            "lastname": "Кузнецова",
            "firsname": "Екатерина",
            "patronymic": "Львовна",
            "phonenumber": "+79590053845"
        },
        "22": {
            "lastname": "Жилин",
            "firsname": "Дмитрий",
            "patronymic": "Сергеевич",
            "phonenumber": "+79884345057"
        },
        "23": {
            "lastname": "Михайлова",
            "firsname": "Малика",
            "patronymic": "Григорьевна",
            "phonenumber": "+79799985441"
        },
        "24": {
            "lastname": "Пономарев",
            "firsname": "Михаил",
            "patronymic": "Максимович",
            "phonenumber": "+79677093484"
        },
        "25": {
            "lastname": "Гаврилова",
            "firsname": "Дарина",
            "patronymic": "Фёдоровна",
            "phonenumber": "+79791145016"
        },
        "26": {
            "lastname": "Филатов",
            "firsname": "Денис",
            "patronymic": "Георгиевич",
            "phonenumber": "+79020331502"
        },
        "27": {
            "lastname": "Марков",
            "firsname": "Лука",
            "patronymic": "Дмитриевич",
            "phonenumber": "+79228675031"
        },
        "28": {
            "lastname": "Козлов",
            "firsname": "Михаил",
            "patronymic": "Антонович",
            "phonenumber": "+79874500786"
        },
        "29": {
            "lastname": "Подгорный",
            "firsname": "Павел",
            "patronymic": "Сергеевич",
            "phonenumber": "+79120737121"
        },
        "30": {
            "lastname": "Ершов",
            "firsname": "Сергей",
            "patronymic": "Даниилович",
            "phonenumber": "+79028168877"
        },
        "31": {
            "lastname": "Соболев",
            "firsname": "Георгий",
            "patronymic": "Иванович",
            "phonenumber": "+78457741441"
        }
    }
}